<?xml version="1.0" encoding="UTF-8"?>
<project-private xmlns="http://www.netbeans.org/ns/project-private/1">
    <editor-bookmarks xmlns="http://www.netbeans.org/ns/editor-bookmarks/2" lastBookmarkId="0"/>
    <open-files xmlns="http://www.netbeans.org/ns/projectui-open-files/2">
        <group>
            <file>file:/Users/blaugrana/NetBeansProjects/SWE6425/web/WEB-INF/classes/struts.xml</file>
            <file>file:/Users/blaugrana/NetBeansProjects/SWE6425/web/WEB-INF/tiles.xml</file>
            <file>file:/Users/blaugrana/NetBeansProjects/SWE6425/web/banner.jsp</file>
            <file>file:/Users/blaugrana/NetBeansProjects/SWE6425/web/WEB-INF/web.xml</file>
            <file>file:/Users/blaugrana/NetBeansProjects/SWE6425/web/footer.jsp</file>
            <file>file:/Users/blaugrana/NetBeansProjects/SWE6425/web/webpages/stdSurvey.jsp</file>
            <file>file:/Users/blaugrana/NetBeansProjects/SWE6425/web/baseLayout.jsp</file>
        </group>
    </open-files>
</project-private>
