<?xml version="1.0" encoding="UTF-8"?>
<faces-config
    xmlns="http://xmlns.jcp.org/xml/ns/javaee"
    xmlns:xsi="http://www.w3.org/2001/XMLSchema-instance"
    xsi:schemaLocation="http://xmlns.jcp.org/xml/ns/javaee http://xmlns.jcp.org/xml/ns/javaee/web-facesconfig_2_2.xsd"
    version="2.2">
<navigation-rule>
    <from-view-id>/SurveyForm.xhtml</from-view-id>
    <navigation-case>
        <from-outcome>winner</from-outcome>
        <to-view-id>/WinnerAcknowledgement.xhtml</to-view-id>
    </navigation-case>
    <navigation-case>
        <from-outcome>simple</from-outcome>
        <to-view-id>/SimpleAcknowledgement.xhtml</to-view-id>
    </navigation-case>
</navigation-rule>
<application>
    <resource-bundle>
        <base-name>net.javabeat.jsf.application</base-name>
        <var>msg</var>
    </resource-bundle>
</application>

</faces-config>
