<?xml version="1.0" encoding="UTF-8"?>
<!--
To change this license header, choose License Headers in Project Properties.
To change this template file, choose Tools | Templates
and open the template in the editor.
-->
<!DOCTYPE struts PUBLIC "-//Apache Software Foundation//DTD Struts Configuration 2.0//EN"
 "http://struts.apache.org/dtds/struts-2.0.dtd">

<struts>
    <constant name="struts.devMode" value="true" />
    <package name="default" extends="struts-default">
    
        <result-types>
            <result-type name="tiles"
              class="org.apache.struts2.views.tiles.TilesResult"/>
        </result-types>    
        
    <action name="studentAction" class="tester.Survey">
        <result name="simple" type="tiles">Simple</result>
        <result name="winner" type="tiles">Winner</result>
    </action>
    
    <action name="studentInfo" class="tester.Survey" method="getStudentById">
        <result name="found" type="tiles">StudentInfo</result>
        <result name="missing" type="tiles">Missing</result>
    </action>
    <action name="surveyPage" class="tester.Survey" method="getForm">
        <result name="formPage" type="tiles">StudentSurvey</result>
    </action>
    </package>
</struts>
