<?xml version="1.0" encoding="ISO-8859-1"?>
<!--
To change this license header, choose License Headers in Project Properties.
To change this template file, choose Tools | Templates
and open the template in the editor.
-->
<!DOCTYPE tiles-definitions PUBLIC
 "-//Apache Software Foundation//DTD Tiles Configuration 2.0//EN"
 "http://tiles.apache.org/dtds/tiles-config_2_0.dtd">

<tiles-definitions>
    <definition name="Simple" template="/baselayout.jsp">
        <put-attribute name="title" value="Simple Acknowledgment"/>
        <put-attribute name="header" value="/header.jsp"/>
        <put-attribute name="footer" value="/footer.jsp"/>
        <put-attribute name="body" value="/webpages/SimpleAcknowledgement.jsp"/>
    </definition>
    
    <definition name="Winner" template="/baselayout.jsp">
        <put-attribute name="title" value="Winner Acknowledgment"/>
        <put-attribute name="header" value="/header.jsp"/>
        <put-attribute name="footer" value="/footer.jsp"/>
        <put-attribute name="body" value="/webpages/WinnerAcknowledgement.jsp"/>
    </definition>
    
    <definition name="StudentInfo" template="/baselayout.jsp">
        <put-attribute name="title" value="Student Survey Results"/>
        <put-attribute name="header" value="/header.jsp"/>
        <put-attribute name="footer" value="/footer.jsp"/>
        <put-attribute name="body" value="/webpages/StudentJSP.jsp"/>
    </definition>
    
    <definition name="Missing" template="/baselayout.jsp">
        <put-attribute name="title" value="Student Survey Results"/>
        <put-attribute name="header" value="/header.jsp"/>
        <put-attribute name="footer" value="/footer.jsp"/>
        <put-attribute name="body" value="/webpages/NoSuchStudentJSP.jsp"/>
    </definition>
    
    <definition name="StudentSurvey" template="/baselayout.jsp">
        <put-attribute name="title" value="Student Survey Form"/>
        <put-attribute name="header" value="/header.jsp"/>
        <put-attribute name="footer" value="/footer.jsp"/>
        <put-attribute name="body" value="/webpages/stdSurvey.jsp"/>
    </definition>
</tiles-definitions>